model,backend,classification,shortest_plan_length,runtime_seconds,rss_mib_before,rss_mib_after,rss_mib_delta,run_peak_rss_mib,run_peak_rss_increase_mib,process_peak_rss_mib,nfa_states,dfa_p1_states,product_states,nfa_p2_states,nfa_states_transitions,dfa_p1_transitions,product_transitions,nfa_p2_transitions,nfa_final_states,dfa_p1_final_states,product_final_states,nfa_p2_final_states,p2_iterations,error
arm2d2.r10_goal-center-tight_border-action_move-20-30-40,compact,has plan,9,3.02641,39.461,48.449,8.988,52.078,12.617,51.43,475,6732,641964,641964,5084,31282,7229250,7229250,6,2,6,6,1,
arm2d2.r10_goal-center-tight_border-block_move-20-30-40,compact,has plan,12,2.100286,44.512,48.238,3.727,49.055,4.543,51.43,475,6732,641964,641964,4996,26594,7183314,7183314,6,2,6,6,1,
arm2d2.r10_goal-center-tight_border-clamp_move-20-30-40,compact,has plan,12,2.187236,47.242,48.301,1.059,49.117,1.875,51.43,475,6732,641964,641964,5084,26928,7229250,7229250,6,2,6,6,1,
arm2d2.r10_goal-right_border-action_move-20-30-40,compact,has plan,7,0.36221,47.301,47.867,0.566,47.871,0.57,51.43,475,78,1332,1332,5084,227,8343,8343,22,1,3,3,1,
arm2d2.r10_goal-right_border-block_move-20-30-40,compact,has plan,10,0.196974,47.867,47.867,0.0,47.871,0.004,51.43,475,78,1332,1332,4996,191,8271,8271,22,1,3,3,1,
arm2d2.r10_goal-right_border-clamp_move-20-30-40,compact,has plan,10,0.196763,47.867,47.867,0.0,47.871,0.004,51.43,475,78,1332,1332,5084,195,8343,8343,22,1,3,3,1,
arm2d2.r5_goal-center-tight_border-action_move-10-15-20,compact,has plan,15,90.06679,47.867,95.359,47.492,184.227,136.359,183.348,1813,33840,11294640,11294640,20552,150006,132776658,132776658,18,2,10,10,1,
arm2d2.r5_goal-center-tight_border-block_move-10-15-20,compact,has plan,23,48.143562,72.465,88.777,16.312,130.883,58.418,183.348,1813,33840,11294640,11294640,20380,134598,132487650,132487650,18,2,10,10,1,
arm2d2.r5_goal-center-tight_border-clamp_move-10-15-20,compact,has plan,23,50.67747,73.859,90.535,16.676,133.371,59.512,183.348,1813,33840,11294640,11294640,20552,135360,132776658,132776658,18,2,10,10,1,
arm2d2.r5_goal-right_border-action_move-10-15-20,compact,has plan,11,20.895046,77.613,75.191,-2.422,80.195,2.582,183.348,1813,396,19764,19764,20552,1158,141858,141858,76,4,22,22,1,
arm2d2.r5_goal-right_border-block_move-10-15-20,compact,has plan,18,10.902342,75.191,75.191,0.0,79.164,3.973,183.348,1813,396,19764,19764,20380,1050,141534,141534,76,4,22,22,1,                                                                                                 
arm2d2.r5_goal-right_border-clamp_move-10-15-20,compact,has plan,18,11.611702,74.207,73.223,-0.984,77.695,3.488,183.348,1813,396,19764,19764,20552,1056,141858,141858,76,4,22,22,1,
arm2d2.r4_goal-center-wide_border-action_move-8-12-16,compact,has plan,13,823.334403,73.223,224.832,151.609,1027.973,954.75,1026.641,2806,184325,103555800,103555800,32174,797980,1226874246,1226874246,248,172,4100,4100,1,
arm2d2.r4_goal-center-wide_border-block_move-8-12-16,compact,has plan,16,592.124888,167.949,250.402,82.453,635.945,467.996,1026.641,2806,184325,103555800,103555800,31960,735560,1225383726,1225383726,248,172,4100,4100,1,
arm2d2.r4_goal-center-wide_border-clamp_move-8-12-16,compact,has plan,16,531.36243,217.449,265.457,48.008,636.977,419.527,1026.641,2806,184325,103555800,103555800,32174,737300,1226874246,1226874246,248,172,4100,4100,1,
arm2d2.r4_goal-right_border-action_move-8-12-16,compact,has plan,15,227.820831,234.52,213.473,-21.047,253.68,19.16,1026.641,2806,954,42336,42336,32174,2557,281840,281840,114,2,21,21,1,
arm2d2.r4_goal-right_border-block_move-8-12-16,compact,has plan,24,120.513898,205.559,188.578,-16.98,235.16,29.602,1026.641,2806,954,42336,42336,31960,2381,281488,281488,114,2,21,21,1,
arm2d2.r4_goal-right_border-clamp_move-8-12-16,compact,has plan,24,121.765136,180.672,183.703,3.031,236.727,56.055,1026.641,2806,954,42336,42336,32174,2385,281840,281840,114,2,21,21,1,
arm2d2.r3_goal-center-wide_border-action_move-6-9-12,compact,has plan,16,2455.686722,178.438,1740.672,1562.234,2136.973,1958.535,2135.875,4941,232140,208788000,208788000,57304,993918,2485250010,2485250010,436,227,9481,9481,1,
arm2d2.r3_goal-center-wide_border-block_move-6-9-12,compact,has plan,19,1518.288544,1717.746,1726.668,8.922,1881.234,163.488,2135.875,4941,232140,208788000,208788000,57020,926558,2483172810,2483172810,436,227,9481,9481,1,
arm2d2.r3_goal-center-wide_border-clamp_move-6-9-12,compact,has plan,19,1542.464601,1711.883,989.016,-722.867,1880.531,168.648,2135.875,4941,232140,208788000,208788000,57304,928560,2485250010,2485250010,436,227,9481,9481,1,
arm2d2.r3_goal-right_border-action_move-6-9-12,compact,has plan,18,612.939857,972.172,958.5,-13.672,976.352,4.18,2135.875,4941,2720,372000,372000,57304,9304,3324720,3324720,202,11,167,167,1,
arm2d2.r3_goal-right_border-block_move-6-9-12,compact,has plan,30,336.397603,955.52,871.555,-83.965,968.844,13.324,2135.875,4941,2720,372000,372000,57020,8824,3322320,3322320,202,11,167,167,1,
arm2d2.r3_goal-right_border-clamp_move-6-9-12,compact,has plan,30,341.753343,866.617,825.445,-41.172,880.98,14.363,2135.875,4941,2720,372000,372000,57304,8840,3324720,3324720,202,11,167,167,1,