run,seed,n,obstacles,action_mode,backend,classification,runtime_seconds,rss_mib_before,rss_mib_after,rss_mib_delta,run_peak_rss_mib,run_peak_rss_increase_mib,process_peak_rss_mib,nfa_states,dfa_p1_states,product_states,nfa_p2_states,nfa_states_transitions,dfa_p1_transitions,product_transitions,nfa_p2_transitions,nfa_final_states,dfa_p1_final_states,product_final_states,nfa_p2_final_states,p2_iterations,error,total_attempts,total_runtime_seconds,average_runtime_seconds,checkpointed_runs,has_plan_runs,no_plan_runs
1,10474503000750303245,5,5,north-bias+south,compact,has plan,0.007852,36.945,37.605,0.66,37.605,0.66,37.184,20,265,1091,1091,66,783,3840,3840,1,1,1,1,1,,1,0.014819,0.014819,1,1,0
2,10153952103954163412,5,5,north-bias+south,compact,has plan,0.002295,37.605,37.609,0.004,37.609,0.004,37.184,20,165,715,715,65,485,2569,2569,1,1,1,1,1,,2,0.02748,0.01374,2,2,0
3,2930995958011121745,5,5,north-bias+south,compact,has plan,0.003099,37.609,37.613,0.004,37.613,0.004,37.184,20,261,1113,1113,60,774,3503,3503,1,1,1,1,1,,3,0.037551,0.012517,3,3,0
4,12774147259924506633,5,5,north-bias+south,compact,has plan,0.003159,37.613,37.629,0.016,37.629,0.016,37.184,20,272,1155,1155,57,797,3372,3372,1,1,1,1,1,,4,0.052276,0.013069,4,4,0
5,16874690630823179583,5,5,north-bias+south,compact,has plan,0.002132,37.629,37.629,0.0,37.629,0.0,37.184,20,172,687,687,64,505,2424,2424,1,1,1,1,1,,5,0.060019,0.012004,5,5,0
6,3829190106262096653,5,5,north-bias+south,compact,has plan,0.00355,37.629,37.668,0.039,37.668,0.039,37.309,20,316,1331,1331,57,929,3731,3731,1,1,1,1,1,,6,0.073235,0.012206,6,6,0
7,14257601290216983870,5,5,north-bias+south,compact,has plan,0.002608,37.668,37.68,0.012,37.68,0.012,37.309,20,200,919,919,69,586,3341,3341,1,1,1,1,1,,7,0.082778,0.011825,7,7,0
8,2241090601732704743,5,5,north-bias+south,compact,has plan,0.002484,37.68,37.68,0.0,37.68,0.0,37.309,20,165,631,631,59,479,2074,2074,1,1,1,1,1,,8,0.098167,0.012271,8,8,0
9,2777155411410149015,5,5,north-bias+south,compact,has plan,0.002692,37.68,37.68,0.0,37.68,0.0,37.309,20,215,999,999,63,626,3178,3178,1,1,1,1,1,,9,0.107178,0.011909,9,9,0
10,5884716099382314256,5,5,north-bias+south,compact,has plan,0.002308,37.68,37.68,0.0,37.68,0.0,37.309,20,142,566,566,71,413,2197,2197,1,1,1,1,1,,10,0.11701,0.011701,10,10,0
11,8537266961039783033,5,5,north-bias+south,compact,has plan,0.002489,37.68,37.68,0.0,37.68,0.0,37.309,20,208,834,834,59,606,2666,2666,1,1,1,1,1,,11,0.132616,0.012056,11,11,0
12,5858765481159707279,5,5,north-bias+south,compact,has plan,0.002018,37.68,37.68,0.0,37.68,0.0,37.309,20,145,587,587,63,424,2056,2056,1,1,1,1,1,,12,0.148134,0.012345,12,12,0
13,13982843132753119129,5,5,north-bias+south,compact,has plan,0.002962,37.68,37.68,0.0,37.68,0.0,37.309,20,218,932,932,63,638,3170,3170,1,1,1,1,1,,13,0.156836,0.012064,13,13,0
14,7230358115286625261,5,5,north-bias+south,compact,has plan,0.001601,37.68,37.68,0.0,37.68,0.0,37.309,19,109,407,407,54,319,1254,1254,1,1,1,1,1,,14,0.168361,0.012026,14,14,0
15,17457849381233279128,5,5,north-bias+south,compact,has plan,0.001588,37.68,37.68,0.0,37.68,0.0,37.309,20,117,362,362,59,334,1204,1204,1,1,1,1,1,,15,0.181098,0.012073,15,15,0
16,6296554249694769529,5,5,north-bias+south,compact,has plan,0.003454,37.68,37.684,0.004,37.684,0.004,37.309,20,282,1217,1217,62,831,4072,4072,1,1,1,1,1,,16,0.195966,0.012248,16,16,0
17,9121624038367561389,5,5,north-bias+south,compact,has plan,0.002809,37.684,37.684,0.0,37.684,0.0,37.309,20,226,844,844,63,666,2917,2917,1,1,1,1,1,,17,0.212212,0.012483,17,17,0
18,4124794542616533545,5,5,north-bias+south,compact,has plan,0.003248,37.684,37.684,0.0,37.684,0.0,37.309,20,263,1168,1168,62,776,4015,4015,1,1,1,1,1,,18,0.223951,0.012442,18,18,0
19,8037970167480949659,5,5,north-bias+south,compact,has plan,0.003362,37.684,37.684,0.0,37.684,0.0,37.309,20,280,1201,1201,68,831,4315,4315,1,1,1,1,1,,19,0.238969,0.012577,19,19,0
20,10167880990894765424,5,5,north-bias+south,compact,has plan,0.00259,37.684,37.684,0.0,37.684,0.0,37.309,19,237,903,903,58,703,3026,3026,1,1,1,1,1,,20,0.253457,0.012673,20,20,0
21,18018616235376417426,5,5,north-bias+south,compact,has plan,0.002627,37.684,37.684,0.0,37.684,0.0,37.309,19,229,902,902,65,678,3258,3258,1,1,1,1,1,,21,0.266453,0.012688,21,21,0
22,6379570983755147293,5,5,north-bias+south,compact,has plan,0.003976,37.684,37.684,0.0,37.684,0.0,37.309,20,271,1183,1183,67,801,4128,4128,1,1,1,1,1,,22,0.276801,0.012582,22,22,0
23,9094614207590041150,5,5,north-bias+south,compact,has plan,0.003381,37.684,37.684,0.0,37.684,0.0,37.309,20,280,1115,1115,55,824,3101,3101,1,1,1,1,1,,23,0.291127,0.012658,23,23,0
24,8322646060868441069,5,5,north-bias+south,compact,has plan,0.002672,37.684,37.684,0.0,37.684,0.0,37.309,19,250,948,948,59,732,3092,3092,1,1,1,1,1,,24,0.303331,0.012639,24,24,0
25,2431695629561189001,5,5,north-bias+south,compact,has plan,0.002382,37.684,37.684,0.0,37.684,0.0,37.309,19,188,773,773,65,553,2811,2811,1,1,1,1,1,,25,0.316333,0.012653,25,25,0
26,907441388314687493,5,5,north-bias+south,compact,has plan,0.003249,37.684,37.684,0.0,37.684,0.0,37.309,20,197,908,908,64,574,3090,3090,1,1,1,1,1,,26,0.326195,0.012546,26,26,0
27,14071810036458777928,5,5,north-bias+south,compact,has plan,0.002712,37.684,37.684,0.0,37.684,0.0,37.309,20,211,733,733,59,605,2299,2299,1,1,1,1,1,,27,0.340531,0.012612,27,27,0
28,1141904795228248317,5,5,north-bias+south,compact,has plan,0.00329,37.684,37.684,0.0,37.684,0.0,37.309,20,284,1199,1199,63,833,4106,4106,1,1,1,1,1,,28,0.353821,0.012636,28,28,0
29,14167260138504386545,5,5,north-bias+south,compact,has plan,0.00257,37.684,37.684,0.0,37.684,0.0,37.309,20,220,852,852,60,643,2688,2688,1,1,1,1,1,,29,0.367076,0.012658,29,29,0
30,12727889674989419530,5,5,north-bias+south,compact,has plan,0.00231,37.684,37.684,0.0,37.684,0.0,37.309,20,149,545,545,60,437,1845,1845,1,1,1,1,1,,30,0.376711,0.012557,30,30,0
31,1253419609171435678,5,5,north-bias+south,compact,does not have plan,0.000396,37.684,37.684,0.0,37.684,0.0,37.309,1,1,1,1,0,0,0,0,0,0,0,0,1,,31,0.387778,0.012509,31,30,1
32,14956236475829424444,5,5,north-bias+south,compact,has plan,0.003099,37.684,37.684,0.0,37.684,0.0,37.309,20,263,1188,1188,67,780,4262,4262,1,1,1,1,1,,32,0.400719,0.012522,32,31,1
33,12201585304865849944,5,5,north-bias+south,compact,has plan,0.002741,37.684,37.684,0.0,37.684,0.0,37.309,20,220,856,856,60,652,2824,2824,1,1,1,1,1,,33,0.411799,0.012479,33,32,1
34,5177961250620777978,5,5,north-bias+south,compact,has plan,0.003578,37.684,37.684,0.0,37.684,0.0,37.309,20,288,1276,1276,67,846,4583,4583,1,1,1,1,1,,34,0.423801,0.012465,34,33,1
35,6792166144551083799,5,5,north-bias+south,compact,has plan,0.002154,37.684,37.684,0.0,37.684,0.0,37.309,20,145,586,586,63,419,2053,2053,1,1,1,1,1,,35,0.437758,0.012507,35,34,1
36,5894532064424282851,5,5,north-bias+south,compact,has plan,0.002427,37.684,37.684,0.0,37.684,0.0,37.309,20,191,787,787,67,562,2789,2789,1,1,1,1,1,,36,0.451122,0.012531,36,35,1
37,6325892077662475770,5,5,north-bias+south,compact,has plan,0.002519,37.684,37.684,0.0,37.684,0.0,37.309,18,192,749,749,55,565,2445,2445,1,1,1,1,1,,37,0.461916,0.012484,37,36,1
38,7183712070679440587,5,5,north-bias+south,compact,does not have plan,0.00036,37.684,37.684,0.0,37.684,0.0,37.309,1,1,1,1,0,0,0,0,0,0,0,0,1,,38,0.470368,0.012378,38,36,2
39,3047603032244960469,5,5,north-bias+south,compact,has plan,0.003438,37.684,37.684,0.0,37.684,0.0,37.309,20,288,1298,1298,65,849,4548,4548,1,1,1,1,1,,39,0.484065,0.012412,39,37,2
40,1545505088199835083,5,5,north-bias+south,compact,has plan,0.001962,37.684,37.684,0.0,37.684,0.0,37.309,20,148,646,646,64,435,2267,2267,1,1,1,1,1,,40,0.499184,0.01248,40,38,2
41,8184428583820616385,5,5,north-bias+south,compact,has plan,0.002471,37.684,37.684,0.0,37.684,0.0,37.309,20,176,726,726,65,517,2670,2670,1,1,1,1,1,,41,0.507488,0.012378,41,39,2
42,5788166540952091811,5,5,north-bias+south,compact,has plan,0.001977,37.684,37.684,0.0,37.684,0.0,37.309,20,160,639,639,62,468,2233,2233,1,1,1,1,1,,42,0.519521,0.01237,42,40,2
43,17787806928621321342,5,5,north-bias+south,compact,has plan,0.003721,37.684,37.684,0.0,37.684,0.0,37.309,20,335,1438,1438,66,994,5070,5070,1,1,1,1,1,,43,0.533997,0.012419,43,41,2
44,9163121230600115844,5,5,north-bias+south,compact,has plan,0.001825,37.684,37.684,0.0,37.684,0.0,37.309,18,138,533,533,63,402,2020,2020,1,1,1,1,1,,44,0.549006,0.012477,44,42,2
45,4209030000831890891,5,5,north-bias+south,compact,has plan,0.001666,37.684,37.684,0.0,37.684,0.0,37.309,19,112,463,463,60,322,1541,1541,1,1,1,1,1,,45,0.556118,0.012358,45,43,2
46,10637699754809253685,5,5,north-bias+south,compact,has plan,0.001704,37.684,37.684,0.0,37.684,0.0,37.309,20,123,516,516,61,359,1761,1761,1,1,1,1,1,,46,0.568847,0.012366,46,44,2
47,4977536275731061567,5,5,north-bias+south,compact,has plan,0.002349,37.684,37.684,0.0,37.684,0.0,37.309,20,117,418,418,67,341,1548,1548,1,1,1,1,1,,47,0.581918,0.012381,47,45,2
48,17415382143571248471,5,5,north-bias+south,compact,has plan,0.00283,37.684,37.684,0.0,37.684,0.0,37.309,20,245,1031,1031,66,724,3583,3583,1,1,1,1,1,,48,0.601554,0.012532,48,46,2
49,2588586774073043809,5,5,north-bias+south,compact,has plan,0.001213,37.684,37.684,0.0,37.684,0.0,37.309,16,69,217,217,52,197,781,781,1,1,1,1,1,,49,0.615116,0.012553,49,47,2
50,2258167459888829707,5,5,north-bias+south,compact,has plan,0.002803,37.684,37.684,0.0,37.684,0.0,37.309,20,246,993,993,61,722,3296,3296,1,1,1,1,1,,50,0.636125,0.012723,50,48,2
51,3060943654794102087,5,5,north-bias+south,compact,has plan,0.001878,37.684,37.684,0.0,37.684,0.0,37.309,18,146,573,573,60,428,2071,2071,1,1,1,1,1,,51,0.659813,0.012938,51,49,2
52,10116119585818572890,5,5,north-bias+south,compact,has plan,0.002443,37.684,37.684,0.0,37.684,0.0,37.309,20,181,792,792,67,533,2933,2933,1,1,1,1,1,,52,0.670157,0.012888,52,50,2
53,7842344457022646781,5,5,north-bias+south,compact,does not have plan,0.001177,37.684,37.684,0.0,37.684,0.0,37.309,18,58,224,1,63,167,852,0,0,0,0,0,2,,53,0.692961,0.013075,53,50,3
57,6371232561259694192,5,5,north-bias+south,compact,does not have plan,0.000414,37.812,37.812,0.0,37.812,0.0,37.434,1,1,1,1,0,0,0,0,0,0,0,0,1,,57,0.786508,0.013798,54,50,4
60,9088597554863312969,5,5,north-bias+south,compact,does not have plan,0.002354,37.812,37.812,0.0,37.812,0.0,37.434,19,203,859,1,63,597,3039,0,0,0,0,0,2,,60,0.826325,0.013772,55,50,5
63,6263818154955815309,5,5,north-bias+south,compact,does not have plan,0.000549,37.812,37.812,0.0,37.812,0.0,37.434,1,1,1,1,0,0,0,0,0,0,0,0,1,,63,0.858659,0.01363,56,50,6
65,567338480688764619,5,5,north-bias+south,compact,does not have plan,0.000394,37.812,37.812,0.0,37.812,0.0,37.434,1,1,1,1,0,0,0,0,0,0,0,0,1,,65,0.881235,0.013557,57,50,7
67,12969032317111920175,5,5,north-bias+south,compact,does not have plan,0.001426,37.812,37.812,0.0,37.812,0.0,37.434,19,142,594,1,60,413,2017,0,0,0,0,0,2,,67,0.902071,0.013464,58,50,8
69,11247897202053028768,5,5,north-bias+south,compact,does not have plan,0.001116,37.812,37.812,0.0,37.812,0.0,37.434,18,102,370,1,62,296,1399,0,0,0,0,0,2,,69,0.921986,0.013362,59,50,9
81,17300531979218262726,5,5,north-bias+south,compact,does not have plan,0.000947,37.828,37.828,0.0,37.828,0.0,37.559,16,61,216,1,55,179,803,0,0,0,0,0,2,,81,1.070615,0.013217,60,50,10
85,9816812725175770721,5,5,north-bias+south,compact,does not have plan,0.000648,37.828,37.828,0.0,37.828,0.0,37.559,7,8,11,1,14,17,20,0,0,0,0,0,2,,85,1.122823,0.01321,61,50,11
87,10291008981346772490,5,5,north-bias+south,compact,does not have plan,0.000478,37.828,37.828,0.0,37.828,0.0,37.559,1,1,1,1,0,0,0,0,0,0,0,0,1,,87,1.160587,0.01334,62,50,12
89,11941010543780361603,5,5,north-bias+south,compact,does not have plan,0.001653,37.828,37.828,0.0,37.828,0.0,37.559,18,143,546,1,65,417,2100,0,0,0,0,0,2,,89,1.210849,0.013605,63,50,13
96,13560514996030616535,5,5,north-bias+south,compact,does not have plan,0.00199,37.828,37.828,0.0,37.828,0.0,37.559,19,221,909,1,62,649,3092,0,0,0,0,0,2,,96,1.323957,0.013791,64,50,14
109,14398354161714881361,5,5,north-bias+south,compact,does not have plan,0.001887,37.828,37.828,0.0,37.828,0.0,37.559,18,193,748,1,60,568,2635,0,0,0,0,0,2,,109,1.570937,0.014412,65,50,15
114,982873515745495876,5,5,north-bias+south,compact,does not have plan,0.000494,37.828,37.828,0.0,37.828,0.0,37.559,1,1,1,1,0,0,0,0,0,0,0,0,1,,114,1.642376,0.014407,66,50,16
115,4711468625747034724,5,5,north-bias+south,compact,does not have plan,0.001987,37.828,37.828,0.0,37.828,0.0,37.559,19,200,837,1,60,589,2683,0,0,0,0,0,2,,115,1.661511,0.014448,67,50,17
127,15102599577294635520,5,5,north-bias+south,compact,does not have plan,0.000559,37.828,37.828,0.0,37.828,0.0,37.559,6,6,7,1,14,14,15,0,0,0,0,0,2,,127,1.834959,0.014448,68,50,18
128,853105971595228113,5,5,north-bias+south,compact,does not have plan,0.001732,37.828,37.828,0.0,37.828,0.0,37.559,19,168,747,1,63,496,2619,0,0,0,0,0,2,,128,1.853349,0.014479,69,50,19
129,13116463599889668663,5,5,north-bias+south,compact,does not have plan,0.000513,37.828,37.828,0.0,37.828,0.0,37.559,5,7,10,1,12,16,25,0,0,0,0,0,2,,129,1.87029,0.014498,70,50,20
135,11493176589027576972,5,5,north-bias+south,compact,does not have plan,0.000424,37.832,37.832,0.0,37.832,0.0,37.559,1,1,1,1,0,0,0,0,0,0,0,0,1,,135,1.98475,0.014702,71,50,21
139,14903587818933006325,5,5,north-bias+south,compact,does not have plan,0.00039,37.832,37.832,0.0,37.832,0.0,37.559,1,1,1,1,0,0,0,0,0,0,0,0,1,,139,2.031849,0.014618,72,50,22
149,16066291348170140898,5,5,north-bias+south,compact,does not have plan,0.001329,37.832,37.832,0.0,37.832,0.0,37.559,18,109,442,1,60,320,1602,0,0,0,0,0,2,,149,2.151299,0.014438,73,50,23
158,7989346151058428451,5,5,north-bias+south,compact,does not have plan,0.00043,37.832,37.832,0.0,37.832,0.0,37.559,1,1,1,1,0,0,0,0,0,0,0,0,1,,158,2.262433,0.014319,74,50,24
160,18296313571051744391,5,5,north-bias+south,compact,does not have plan,0.000401,37.832,37.832,0.0,37.832,0.0,37.559,2,2,2,1,2,2,2,0,0,0,0,0,2,,160,2.282171,0.014264,75,50,25
177,6583523916159094484,5,5,north-bias+south,compact,does not have plan,0.001425,37.832,37.832,0.0,37.832,0.0,37.559,19,146,591,1,65,426,2208,0,0,0,0,0,2,,177,2.471045,0.013961,76,50,26
187,9462955373061894993,5,5,north-bias+south,compact,does not have plan,0.000581,37.832,37.832,0.0,37.832,0.0,37.559,7,13,24,1,19,36,70,0,0,0,0,0,2,,187,2.724397,0.014569,77,50,27
198,17747796887849063682,5,5,north-bias+south,compact,does not have plan,0.00157,37.832,37.832,0.0,37.832,0.0,37.559,19,160,679,1,65,470,2549,0,0,0,0,0,2,,198,2.848855,0.014388,78,50,28
232,884377929013052229,5,5,north-bias+south,compact,does not have plan,0.001547,37.844,37.844,0.0,37.844,0.0,37.559,18,170,655,1,57,500,2289,0,0,0,0,0,2,,232,3.382761,0.014581,79,50,29
233,10505270885305632019,5,5,north-bias+south,compact,does not have plan,0.000495,37.844,37.844,0.0,37.844,0.0,37.559,1,1,1,1,0,0,0,0,0,0,0,0,1,,233,3.391612,0.014556,80,50,30
257,11359526229058739498,5,5,north-bias+south,compact,does not have plan,0.001054,37.844,37.844,0.0,37.844,0.0,37.559,19,82,338,1,65,237,1200,0,0,0,0,0,2,,257,3.669418,0.014278,81,50,31
259,16853646772456779509,5,5,north-bias+south,compact,does not have plan,0.000642,37.844,37.844,0.0,37.844,0.0,37.559,1,1,1,1,0,0,0,0,0,0,0,0,1,,259,3.690615,0.014249,82,50,32
281,3555259927772320392,5,5,north-bias+south,compact,does not have plan,0.000523,37.859,37.859,0.0,37.859,0.0,37.559,6,6,7,1,14,14,15,0,0,0,0,0,2,,281,3.953071,0.014068,83,50,33
284,3037076267449483834,5,5,north-bias+south,compact,does not have plan,0.000448,37.859,37.859,0.0,37.859,0.0,37.559,1,1,1,1,0,0,0,0,0,0,0,0,1,,284,3.983822,0.014028,84,50,34
285,16556361692043610120,5,5,north-bias+south,compact,does not have plan,0.001441,37.859,37.863,0.004,37.863,0.004,37.559,19,73,304,1,66,212,1135,0,0,0,0,0,2,,285,3.995834,0.01402,85,50,35
291,8147264598910881499,5,5,north-bias+south,compact,does not have plan,0.000492,37.863,37.863,0.0,37.863,0.0,37.559,3,3,3,1,5,5,5,0,0,0,0,0,2,,291,4.066432,0.013974,86,50,36
317,1584703772053533827,5,5,north-bias+south,compact,does not have plan,0.001243,37.871,37.871,0.0,37.871,0.0,37.559,18,118,460,1,57,340,1573,0,0,0,0,0,2,,317,4.385824,0.013835,87,50,37
319,6398331649404755703,5,5,north-bias+south,compact,does not have plan,0.000573,37.871,37.871,0.0,37.871,0.0,37.559,7,15,28,1,19,38,80,0,0,0,0,0,2,,319,4.412092,0.013831,88,50,38
327,14638250579827960174,5,5,north-bias+south,compact,does not have plan,0.000397,37.871,37.871,0.0,37.871,0.0,37.559,1,1,1,1,0,0,0,0,0,0,0,0,1,,327,4.501791,0.013767,89,50,39
331,12241314109956468117,5,5,north-bias+south,compact,does not have plan,0.000385,37.871,37.871,0.0,37.871,0.0,37.559,1,1,1,1,0,0,0,0,0,0,0,0,1,,331,4.550797,0.013749,90,50,40
332,10709236068720226209,5,5,north-bias+south,compact,does not have plan,0.00212,37.871,37.871,0.0,37.871,0.0,37.559,19,202,833,1,57,594,2646,0,0,0,0,0,2,,332,4.561242,0.013739,91,50,41
334,16430787475864655737,5,5,north-bias+south,compact,does not have plan,0.000368,37.871,37.871,0.0,37.871,0.0,37.559,1,1,1,1,0,0,0,0,0,0,0,0,1,,334,4.583348,0.013723,92,50,42
340,15985083702719068654,5,5,north-bias+south,compact,does not have plan,0.001155,37.871,37.871,0.0,37.871,0.0,37.559,1,1,1,1,0,0,0,0,0,0,0,0,1,,340,4.789479,0.014087,93,50,43
341,6264089198835819014,5,5,north-bias+south,compact,does not have plan,0.003506,37.871,37.875,0.004,37.875,0.004,37.559,18,88,323,1,62,257,1232,0,0,0,0,0,2,,341,4.809603,0.014104,94,50,44
342,2972111233504511387,5,5,north-bias+south,compact,does not have plan,0.002249,37.875,37.879,0.004,37.879,0.004,37.559,17,126,456,1,57,369,1659,0,0,0,0,0,2,,342,4.828645,0.014119,95,50,45
344,11400759634443555058,5,5,north-bias+south,compact,does not have plan,0.002206,37.879,37.879,0.0,37.879,0.0,37.559,18,190,759,1,62,558,2773,0,0,0,0,0,2,,344,4.85075,0.014101,96,50,46
355,4884564941959008982,5,5,north-bias+south,compact,does not have plan,0.000442,37.879,37.879,0.0,37.879,0.0,37.559,3,3,4,1,5,5,6,0,0,0,0,0,2,,355,4.975581,0.014016,97,50,47
359,9707004922985951527,5,5,north-bias+south,compact,does not have plan,0.001641,37.879,37.879,0.0,37.879,0.0,37.559,19,165,710,1,62,488,2571,0,0,0,0,0,2,,359,5.054964,0.014081,98,50,48
367,9623765489871195588,5,5,north-bias+south,compact,does not have plan,0.000391,37.934,37.934,0.0,37.934,0.0,37.559,1,1,1,1,0,0,0,0,0,0,0,0,1,,367,5.148503,0.014029,99,50,49
369,5157853642774964510,5,5,north-bias+south,compact,does not have plan,0.000374,37.934,37.934,0.0,37.934,0.0,37.559,1,1,1,1,0,0,0,0,0,0,0,0,1,,369,5.168334,0.014006,100,50,50
