run,seed,n,obstacles,action_mode,backend,classification,runtime_seconds,rss_mib_before,rss_mib_after,rss_mib_delta,run_peak_rss_mib,run_peak_rss_increase_mib,process_peak_rss_mib,nfa_states,dfa_p1_states,product_states,nfa_p2_states,nfa_states_transitions,dfa_p1_transitions,product_transitions,nfa_p2_transitions,nfa_final_states,dfa_p1_final_states,product_final_states,nfa_p2_final_states,p2_iterations,error
1,6276999530921682404,20,40,north-bias,compact,does not have plan,71.660459,36.688,314.66,277.973,700.086,663.398,704.309,351,639758,57123074,1,1188,1279511,196143118,0,1,1,1,0,3,
2,18381753230723615204,20,40,north-bias,compact,does not have plan,129.181857,272.48,475.883,203.402,1218.484,946.004,1226.68,356,1157784,96515092,1,1216,2315514,327934578,0,1,1,1,0,3,
3,15913160976379378743,20,40,north-bias,compact,does not have plan,169.586614,407.762,495.004,87.242,1581.008,1173.246,1590.918,356,1424577,123340238,1,1230,2849130,431010037,0,1,1,1,0,3,
4,7235194026098423154,20,40,north-bias,compact,does not have plan,128.159326,414.359,428.148,13.789,1163.289,748.93,1590.918,324,1085061,80953527,1,1112,2170114,269624354,0,1,1,1,0,3,
5,2841482746546075471,20,40,north-bias,compact,does not have plan,116.36973,354.289,429.566,75.277,1053.539,699.25,1590.918,354,968282,80132045,1,1210,1936559,274447875,0,1,1,1,0,3,
6,1739546979723027826,20,40,north-bias,compact,does not have plan,29.651282,370.672,334.703,-35.969,376.711,6.039,1590.918,345,321855,24813452,1,1196,643646,85327235,0,1,1,1,0,3,
7,17248582902491431108,20,40,north-bias,compact,does not have plan,69.018555,314.035,321.938,7.902,601.41,287.375,1590.918,308,548270,44631962,1,1060,1096515,155381929,0,1,1,1,0,3,
8,12184927095520553947,20,40,north-bias,compact,does not have plan,78.59045,283.613,325.777,42.164,821.055,537.441,1590.918,301,713542,54482425,1,1028,1427073,185489962,0,1,1,1,0,3,
9,16974188786925999946,20,40,north-bias,compact,does not have plan,116.136452,280.57,406.309,125.738,1045.34,764.77,1590.918,337,950196,86320126,1,1146,1900384,291257838,0,1,1,1,0,3,
10,6848361563464725928,20,40,north-bias,compact,does not have plan,401.276103,349.625,643.238,293.613,3084.523,2734.898,3104.68,351,2802999,263532140,1,1202,5605990,906657962,0,1,1,1,0,4,
11,5095777552476495079,20,40,north-bias,compact,does not have plan,69.444447,510.297,447.461,-62.836,727.105,216.809,3104.68,335,656186,57941788,1,1150,1312361,200635070,0,1,1,1,0,3,
12,3419123613942697526,20,40,north-bias,compact,does not have plan,293.125591,395.461,597.84,202.379,2078.09,1682.629,3104.68,356,1948158,186478505,1,1220,3896298,647364026,0,1,1,1,0,3,
13,10693315708244442566,20,40,north-bias,compact,does not have plan,210.541125,501.934,544.25,42.316,1725.645,1223.711,3104.68,349,1552351,143890453,1,1206,3104698,510615897,0,1,1,1,0,3,
14,16961360047129709913,20,40,north-bias,compact,does not have plan,133.456746,462.387,433.285,-29.102,1183.75,721.363,3104.68,302,1107087,90863238,1,1030,2214164,311499750,0,1,1,1,0,3,
15,7327910026896787060,20,40,north-bias,compact,does not have plan,122.790395,370.523,500.133,129.609,969.863,599.34,3104.68,325,869334,80734742,1,1122,1738661,283319795,0,1,1,1,0,3,
16,5211010149311376686,20,40,north-bias,compact,does not have plan,61.065503,443.086,490.746,47.66,771.844,328.758,3104.68,359,679949,50070102,1,1246,1359889,173470489,0,1,1,1,0,3,
17,11062349047014079130,20,40,north-bias,compact,does not have plan,273.687382,446.531,640.195,193.664,2128.645,1682.113,3104.68,360,1984825,182874013,1,1224,3969410,616587582,0,1,1,1,0,3,
18,15098244970246492017,20,40,north-bias,compact,does not have plan,118.757782,530.027,544.961,14.934,1235.719,705.691,3104.68,347,1162555,102054274,1,1192,2325072,354662446,0,1,1,1,0,3,
19,7401647292622706386,20,40,north-bias,compact,has plan,282.931472,485.809,570.57,84.762,1659.766,1173.957,3104.68,350,1501715,138126168,138126168,1188,3003427,471429954,471429954,1,1,1,1,1,
20,5503839291878586124,20,40,north-bias,compact,does not have plan,0.000537,486.895,485.91,-0.984,486.895,0.0,3104.68,1,1,1,1,0,0,0,0,0,0,0,0,1,
21,7330193696637845166,20,40,north-bias,compact,does not have plan,140.663356,482.957,594.324,111.367,1610.496,1127.539,3104.68,359,1409188,110056475,1,1222,2818307,374090512,0,1,1,1,0,3,
22,9540610482793909927,20,40,north-bias,compact,does not have plan,96.850512,518.238,516.363,-1.875,999.152,480.914,3104.68,336,862159,76761788,1,1158,1724297,269956977,0,1,1,1,0,3,
23,7969882297596616971,20,40,north-bias,compact,has plan,227.006315,459.312,395.5,-63.812,620.031,160.719,3104.68,329,467411,36663880,14354434,1124,934819,123916367,47821026,1,1,1,1,11,
24,14649901517448426401,20,40,north-bias,compact,does not have plan,189.814109,359.848,598.285,238.438,1624.0,1264.152,3104.68,359,1424862,121682562,1,1216,2849720,414710380,0,1,1,1,0,3,
25,16979862439212778588,20,40,north-bias,compact,does not have plan,150.155582,525.562,533.574,8.012,1224.34,698.777,3104.68,359,1131095,103075865,1,1232,2262181,354206865,0,1,1,1,0,3,
26,8685140867455656327,20,40,north-bias,compact,does not have plan,78.885071,468.613,486.285,17.672,918.98,450.367,3104.68,314,767406,65019983,1,1062,1534789,219336842,0,1,1,1,0,3,
27,14392424780821245996,20,40,north-bias,compact,does not have plan,112.323117,436.918,503.906,66.988,976.121,539.203,3104.68,334,834415,78850891,1,1148,1668826,272055335,0,1,1,1,0,3,
28,4214417507119844585,20,40,north-bias,compact,does not have plan,89.013969,451.828,508.156,56.328,953.336,501.508,3104.68,355,845972,69052696,1,1220,1691848,230983473,0,1,1,1,0,3,
29,6771470949015305481,20,40,north-bias,compact,does not have plan,137.012141,456.066,456.852,0.785,1234.195,778.129,3104.68,307,1153404,95355988,1,1068,2306792,336571433,0,1,1,1,0,3,
30,9540725574564922095,20,40,north-bias,compact,does not have plan,69.218477,397.895,485.07,87.176,827.691,429.797,3104.68,347,701560,49155870,1,1190,1403113,164505208,0,1,1,1,0,3,
31,8253854011846982920,20,40,north-bias,compact,does not have plan,124.612447,436.305,522.559,86.254,1167.906,731.602,3104.68,358,1062711,91889604,1,1226,2125417,315526430,0,1,1,1,0,3,
32,10567329664859965550,20,40,north-bias,compact,has plan,582.524876,465.348,491.117,25.77,2752.449,2287.102,3104.68,319,2541840,223958488,96880,1090,5083678,778436134,314291,1,1,1,1,5,
33,12911579363884962839,20,40,north-bias,compact,does not have plan,225.013092,374.09,585.875,211.785,2203.977,1829.887,3104.68,325,2057064,174095713,1,1104,4114123,593482128,0,1,1,1,0,3,
34,16573587899799893859,20,40,north-bias,compact,does not have plan,106.972016,466.848,565.934,99.086,1081.004,614.156,3104.68,350,972148,84222326,1,1192,1943751,284592991,0,1,1,1,0,3,
35,6742550646657720394,20,40,north-bias,compact,does not have plan,165.84209,508.363,552.211,43.848,1405.758,897.395,3104.68,322,1285221,111213913,1,1100,2570439,386323398,0,1,1,1,0,4,
36,4136044659433834004,20,40,north-bias,compact,has plan,244.272403,469.676,580.684,111.008,1673.398,1203.723,3104.68,345,1459234,126010095,126010095,1182,2918464,429808437,429808437,1,1,1,1,1,
37,6156538664859098595,20,40,north-bias,compact,does not have plan,149.7938,500.887,587.504,86.617,1633.359,1132.473,3104.68,318,1472093,106689283,1,1092,2944182,370655148,0,1,1,1,0,4,
38,10222836678492879988,20,40,north-bias,compact,does not have plan,228.803207,490.773,488.32,-2.453,1893.512,1402.738,3104.68,323,1731079,153632950,1,1124,3462150,547048473,0,1,1,1,0,3,
39,3365407229114570275,20,40,north-bias,compact,does not have plan,174.208403,403.828,595.91,192.082,1674.941,1271.113,3104.68,344,1492463,131260053,1,1190,2984907,453309023,0,1,1,1,0,3,
40,3361267805014408467,20,40,north-bias,compact,does not have plan,44.975042,512.492,396.059,-116.434,534.156,21.664,3104.68,295,413402,33866736,1,1030,826774,119707810,0,1,1,1,0,3,
41,11930453822596244702,20,40,north-bias,compact,does not have plan,76.551815,368.5,426.074,57.574,836.672,468.172,3104.68,299,739706,57610848,1,1020,1479403,201098105,0,1,1,1,0,3,
42,13613415797576053008,20,40,north-bias,compact,does not have plan,15.086957,381.848,356.125,-25.723,381.852,0.004,3104.68,280,208739,12944755,1,952,417144,43946159,0,1,1,1,0,3,
43,9107811022235800291,20,40,north-bias,compact,does not have plan,149.588697,348.156,586.914,238.758,1470.453,1122.297,3104.68,329,1355585,112624501,1,1116,2711165,389225267,0,1,1,1,0,3,
44,1672665966499388915,20,40,north-bias,compact,does not have plan,157.200056,497.422,505.332,7.91,1294.312,796.891,3104.68,335,1212655,102323204,1,1144,2425303,351804310,0,1,1,1,0,3,
45,16868118165396264267,20,40,north-bias,compact,does not have plan,224.623328,432.469,537.453,104.984,1701.375,1268.906,3104.68,345,1509714,143615234,1,1178,3019405,491751908,0,1,1,1,0,3,
46,15639984536211358126,20,40,north-bias,compact,does not have plan,54.813841,460.723,452.414,-8.309,638.551,177.828,3104.68,330,554401,49659475,1,1122,1108651,168608988,0,1,1,1,0,3,
47,9125874033070593870,20,40,north-bias,compact,does not have plan,270.934185,415.965,629.859,213.895,2397.336,1981.371,3104.68,336,2276785,181292566,1,1138,4553563,614084168,0,1,1,1,0,3,
48,12014377666521952450,20,40,north-bias,compact,does not have plan,260.344871,526.43,589.547,63.117,1961.242,1434.812,3104.68,345,1811938,172231624,1,1192,3623870,599017872,0,1,1,1,0,4,
49,3084084626208431324,20,40,north-bias,compact,does not have plan,150.557771,508.293,587.535,79.242,1491.684,983.391,3104.68,343,1381284,116597927,1,1170,2762546,402630553,0,1,1,1,0,3,
50,6183940945534127436,20,40,north-bias,compact,does not have plan,71.895253,515.289,460.227,-55.062,746.289,231.0,3104.68,330,615916,50035194,1,1130,1231822,171517505,0,1,1,1,0,3,
51,6777080458574990353,20,40,north-bias,compact,does not have plan,69.170112,412.402,375.469,-36.934,649.77,237.367,3104.68,297,585937,46887029,1,1010,1171870,160888306,0,1,1,1,0,3,
52,17094787605655233052,20,40,north-bias,compact,does not have plan,167.326165,328.641,589.988,261.348,1671.152,1342.512,3104.68,360,1487489,128640349,1,1228,2974967,439917519,0,1,1,1,0,3,
53,14795091469482040805,20,40,north-bias,compact,does not have plan,71.384233,512.18,467.125,-45.055,669.254,157.074,3104.68,323,552467,49163372,1,1100,1104928,170938315,0,1,1,1,0,3,
54,17843232895342047702,20,40,north-bias,compact,does not have plan,134.209504,431.305,514.398,83.094,1008.688,577.383,3104.68,349,910850,81524943,1,1206,1821696,286679429,0,1,1,1,0,3,
65,11287010442251251999,20,40,north-bias,compact,has plan,226.801148,461.605,575.316,113.711,2088.094,1626.488,4434.277,360,1940412,167256597,255,1232,3880820,576389822,478,1,1,1,1,4,
8,1050899895285304972,20,40,north-bias,compact,has plan,422.801304,444.258,382.664,-61.594,874.199,429.941,4505.68,330,743268,60160644,27820832,1134,1486533,208305676,95412108,1,1,1,1,9,
15,13469713424006641701,20,40,north-bias,compact,has plan,375.968837,402.059,547.359,145.301,2455.281,2053.223,4505.68,350,2342192,210723496,168,1196,4684379,725862786,281,1,1,1,1,4,
22,17080206257412779587,20,40,north-bias,compact,has plan,105.787702,513.836,416.23,-97.605,694.418,180.582,6346.953,326,626118,54335087,54335087,1102,1252233,185313439,185313439,1,1,1,1,1,
35,1729192509921719013,20,40,north-bias,compact,has plan,336.608318,431.57,471.898,40.328,1809.441,1377.871,6346.953,344,1666177,146057244,146057244,1178,3332350,506817586,506817586,1,1,1,1,1,
72,17323674017983811599,20,40,north-bias,compact,has plan,430.548891,306.789,534.91,228.121,2610.488,2303.699,7227.461,358,2486725,218311790,17292423,1226,4973446,749746907,57752205,1,1,1,1,6,
78,13338113930927163344,20,40,north-bias,compact,has plan,145.419896,476.539,387.93,-88.609,995.984,519.445,7227.461,346,892998,75186289,75186289,1188,1785992,258583796,258583796,1,1,1,1,1,
4,1800741448267485871,20,40,north-bias,compact,has plan,185.279351,374.57,505.648,131.078,1172.973,798.402,2319.715,360,1094717,98077893,98077893,1218,2189431,332733527,332733527,1,1,1,1,1,,4,815.137873,203.784468,1,1,0
39,14940605364365281895,20,40,north-bias,compact,has plan,90.495593,287.371,284.832,-2.539,862.426,575.055,6745.5,272,796277,56433557,46575,918,1592549,191349899,142114,1,1,1,1,8,,39,6709.465322,172.037572,2,2,0
77,11200191267966577848,20,40,north-bias,compact,has plan,222.329182,480.359,411.629,-68.73,1062.34,581.98,6745.5,348,982114,83730113,5644081,1190,1964225,289068271,18880942,1,1,1,1,10,,77,12040.947524,156.375942,3,3,0
85,3491518979248524219,20,40,north-bias,compact,has plan,227.780626,327.145,251.57,-75.574,666.305,339.16,6745.5,328,557033,40392764,17320867,1130,1114063,138971732,58997290,1,1,1,1,9,,85,13736.295746,161.603479,4,4,0
86,16911552096198690852,20,40,north-bias,compact,has plan,161.024498,192.516,469.816,277.301,1320.973,1128.457,6745.5,359,1256571,111155244,30251,1218,2513139,376056380,82914,1,1,1,1,6,,86,13897.342272,161.597003,5,5,0
95,2086939124398202433,20,40,north-bias,compact,has plan,131.059989,560.109,351.953,-208.156,941.809,381.699,6745.5,323,803327,71464324,1315130,1120,1606650,252977524,4509866,1,1,1,1,6,,95,15954.151339,167.938435,6,6,0
107,2822657990183550108,20,40,north-bias,compact,has plan,144.622643,284.109,438.41,154.301,1186.625,902.516,6745.5,347,1103435,90850923,234853,1178,2206867,308503803,757051,1,1,1,1,7,,107,17608.373827,164.564241,7,7,0
116,1773992136056910396,20,40,north-bias,compact,has plan,383.260091,329.445,568.625,239.18,2380.586,2051.141,6745.5,352,2301987,207609733,207609733,1202,4603971,714706288,714706288,1,1,1,1,1,,116,19579.360894,168.787594,8,8,0
117,14090451878073529410,20,40,north-bias,compact,has plan,434.717127,435.074,522.727,87.652,1437.875,1002.801,6745.5,344,1335923,124952176,17318039,1182,2671843,429785162,59029507,1,1,1,1,11,,117,20014.104781,171.060725,9,9,0
123,4928764147922237138,20,40,north-bias,compact,has plan,938.644902,534.48,555.41,20.93,1639.781,1105.301,6745.5,359,1425162,129736843,54813484,1222,2850320,448370197,189419957,1,1,1,1,10,,123,22243.872547,180.844492,10,10,0
124,17700077891904123810,20,40,north-bias,compact,has plan,630.373562,469.852,576.496,106.645,2547.504,2077.652,6745.5,356,2456411,230211840,15394980,1214,4912817,783627724,51455382,1,1,1,1,11,,124,22874.269395,184.469914,11,11,0
125,7900998157110215762,20,40,north-bias,compact,has plan,78.472221,466.332,330.621,-135.711,489.234,22.902,6745.5,308,338538,24395500,1434539,1070,677073,83842618,4772310,1,1,1,1,12,,125,22952.766691,183.622134,12,12,0
138,434653992306233676,20,40,north-bias,compact,has plan,131.047315,393.086,507.297,114.211,962.875,569.789,6745.5,353,856136,70885337,70885337,1204,1712269,241169193,241169193,1,1,1,1,1,,138,24485.743706,177.432925,13,13,0
143,18175757250195000404,20,40,north-bias,compact,has plan,311.690425,432.844,581.719,148.875,2258.43,1825.586,6745.5,349,2148848,196797199,4963,1188,4297694,677859565,10411,1,1,1,1,5,,143,25378.394766,177.471292,14,14,0
154,14192589290662352699,20,40,north-bias,compact,has plan,275.29785,391.637,508.859,117.223,2096.438,1704.801,6745.5,321,1964173,166775321,711985,1086,3928344,574107592,2386639,1,1,1,1,4,,154,26563.650124,172.491235,15,15,0
160,7130577054299470867,20,40,north-bias,compact,has plan,146.598626,431.836,515.934,84.098,1085.438,653.602,6745.5,359,993806,89174454,528,1224,1987610,306042426,1260,1,1,1,1,4,,160,28069.629945,175.435187,16,16,0
168,14308888569098819808,20,40,north-bias,compact,has plan,231.483017,523.539,574.828,51.289,1918.117,1394.578,6745.5,343,1790070,163609183,4354,1160,3580138,551609018,10349,1,1,1,1,6,,168,29396.004147,174.976215,17,17,0
175,184939902350769357,20,40,north-bias,compact,has plan,1425.574513,443.691,744.906,301.215,3340.953,2897.262,6745.5,352,3057590,266613800,56496039,1208,6115176,919535611,196127814,1,1,1,1,12,,175,31484.278349,179.910162,18,18,0
188,13004626073922615730,20,40,north-bias,compact,has plan,58.589219,538.82,523.789,-15.031,698.426,159.605,10695.277,342,480204,40025110,378,1174,960405,137290419,664,1,1,1,1,4,,188,34235.964213,182.106193,19,19,0
204,17358956499541734362,20,40,north-bias,compact,has plan,846.373163,602.926,808.645,205.719,5386.828,4783.902,10695.277,351,5096906,442498428,442498428,1206,10193808,1534011477,1534011477,1,1,1,1,1,,204,38382.857404,188.151262,20,20,0
208,9521157795919542708,20,40,north-bias,compact,has plan,642.574947,601.316,879.465,278.148,4973.625,4372.309,10695.277,346,4823778,428756526,139,1182,9647551,1475895999,233,1,1,1,1,5,,208,39634.878601,190.552301,21,21,0
215,2822268409167796906,20,40,north-bias,compact,has plan,201.585246,547.59,543.855,-3.734,1482.703,935.113,10695.277,307,1345980,105157190,105157190,1044,2691956,361053382,361053382,1,1,1,1,1,,215,40602.44812,188.848596,22,22,0
224,14187826839314681374,20,40,north-bias,compact,has plan,1532.027851,532.852,758.137,225.285,2405.227,1872.375,10695.277,359,2249483,188043273,101675761,1216,4498960,624484555,335573126,1,1,1,1,12,,224,43087.527411,192.355033,23,23,0
231,1831552394055089625,20,40,north-bias,compact,has plan,87.002855,593.023,563.297,-29.727,1015.43,422.406,10695.277,304,874360,64009274,215,1054,1748718,219571689,397,1,1,1,1,4,,231,44179.026455,191.251197,24,24,0
242,6596155722001466241,20,40,north-bias,compact,has plan,266.284195,441.941,669.051,227.109,1866.457,1424.516,10695.277,355,1715577,156557828,1515318,1208,3431151,528918803,5100811,1,1,1,1,7,,242,46379.01429,191.648819,25,25,0
253,16541756293268984529,20,40,north-bias,compact,has plan,240.315162,528.648,587.543,58.895,1327.027,798.379,10695.277,324,1239670,105764478,7223969,1124,2479334,368946746,24622244,1,1,1,1,9,,253,48756.052181,192.711669,26,26,0
270,16996135373228921130,20,40,north-bias,compact,has plan,112.160366,544.246,440.746,-103.5,977.637,433.391,10695.277,301,827261,66870576,167,1022,1654518,228459621,282,1,1,1,1,4,,270,51637.989772,191.251814,27,27,0
15,4396548548888792293,20,40,north-bias,compact,has plan,74.339122,526.418,351.43,-174.988,575.293,48.875,3113.871,295,521771,39014786,39014786,1000,1043538,134828906,134828906,1,1,1,1,1,,15,2175.856783,145.057119,1,1,0
34,14864361296535963697,20,40,north-bias,compact,has plan,156.707126,279.008,452.359,173.352,1237.047,958.039,3830.805,347,1186193,111540414,21431,1204,2372383,387973355,59944,1,1,1,1,5,,34,5017.478593,147.5729,2,2,0
37,14549858669945569495,20,40,north-bias,compact,has plan,557.577219,373.652,582.863,209.211,3917.281,3543.629,3944.543,345,3686604,336969993,270,1164,7373205,1144058477,496,1,1,1,1,4,,37,5815.061731,157.163831,3,3,0
41,1115973068978216488,20,40,north-bias,compact,has plan,122.902959,320.84,359.641,38.801,940.227,619.387,3944.543,317,840130,64989966,2564555,1086,1680258,223122662,8674848,1,1,1,1,9,,41,6353.805977,154.970877,4,4,0
75,6659276715495831369,20,40,north-bias,compact,has plan,565.504088,550.855,702.961,152.105,4656.422,4105.566,5677.047,360,4479073,383551425,11904,1226,8958142,1278861422,30421,1,1,1,1,6,,75,13651.08799,182.014507,5,5,0
47,8152887260826155385,20,40,north-bias,compact,has plan,42.092159,277.559,246.883,-30.676,386.094,108.535,4924.227,326,328536,25925295,1729541,1126,657069,90088601,5605435,1,1,1,1,4,,47,6706.072509,142.682394,1,1,0
53,16557360621097271037,20,40,north-bias,compact,has plan,124.821163,254.23,268.676,14.445,862.434,608.203,4924.227,283,797651,60322861,60322861,956,1595299,206170514,206170514,1,1,1,1,1,,53,7639.665277,144.144628,2,2,0
63,3732534472768117031,20,40,north-bias,compact,has plan,596.491053,570.551,569.734,-0.816,4047.176,3476.625,4924.227,360,3795222,325620177,325620177,1220,7590442,1095029397,1095029397,1,1,1,1,1,,63,9815.702345,155.804799,3,3,0
78,7382781145841197995,20,40,north-bias,compact,has plan,72.189316,327.066,353.898,26.832,843.555,516.488,14170.301,337,732868,57627041,2294,1164,1465733,197200562,5844,1,1,1,1,4,,78,15065.743673,193.15056,4,4,0
81,16936117374920713346,20,40,north-bias,compact,has plan,205.824033,441.109,319.758,-121.352,1241.16,800.051,14170.301,302,1179570,97311068,97311068,1028,2359137,336214778,336214778,1,1,1,1,1,,81,15595.768851,192.540356,5,5,0
83,10678495767134339965,20,40,north-bias,compact,has plan,192.139176,340.172,412.309,72.137,1203.59,863.418,14170.301,343,1127253,99979093,99979093,1182,2254503,344533359,344533359,1,1,1,1,1,,83,15884.974159,191.385231,6,6,0
122,13179203359218317078,20,40,north-bias,compact,has plan,535.875347,370.805,376.918,6.113,2176.949,1806.145,14170.301,356,2058507,167690067,22523422,1218,4117010,573245298,75954117,1,1,1,1,10,,122,22681.380684,185.912956,7,7,0
137,16629904370259501077,20,40,north-bias,compact,has plan,117.775322,245.875,451.84,205.965,1083.227,837.352,14170.301,359,985634,84526338,21353,1228,1971265,287241083,62503,1,1,1,1,6,,137,25371.037617,185.190056,8,8,0
140,7955887282417059578,20,40,north-bias,compact,has plan,311.500373,326.188,384.348,58.16,2265.539,1939.352,14170.301,329,2157590,192294988,2763,1122,4315177,664594823,6528,1,1,1,1,4,,140,25828.631385,184.490224,9,9,0
150,12468064611048563679,20,40,north-bias,compact,has plan,237.796857,354.438,411.531,57.094,1877.398,1522.961,14170.301,357,1728084,152654744,3199217,1204,3456165,507487706,10089712,1,1,1,1,6,,150,27925.366101,186.169107,10,10,0
170,6869915815112105318,20,40,north-bias,compact,has plan,154.50402,344.922,317.688,-27.234,963.961,619.039,14170.301,319,877968,74602525,74602525,1094,1755933,259508804,259508804,1,1,1,1,1,,170,32328.137919,190.165517,11,11,0
176,3018400352413985637,20,40,north-bias,compact,has plan,419.409688,365.844,371.781,5.938,1468.121,1102.277,14170.301,317,1381378,99549379,20617931,1078,2762752,335118750,68517177,1,1,1,1,10,,176,33646.007078,191.170495,12,12,0
